Image,X1,Y1,X2,Y2,Xm,Ym,theta1,theta2,time,X_mean,X_velocity,Y_mean,Y_velocity,theta_mean
NX4-S3 Camera000343.jpg,,0.002842846,0.000343936,0.001897022,0.00040304999999999996,0.0023699339999999998,110.46003148274464,104.75272015917703,0.01,,,0.0023699339999999998,,107.60637582096084
NX4-S3 Camera000344.jpg,,0.002842846,0.00037349299999999997,0.001897022,0.00043529399999999997,0.0023699339999999998,110.87577155469394,104.94114985480762,0.02,,,0.0023699339999999998,0.0,107.90846070475078
NX4-S3 Camera000345.jpg,,0.002842846,0.00040304999999999996,0.001897022,0.00046485099999999996,0.0023699339999999998,107.55833837763538,106.65127433508907,0.03,,,0.0023699339999999998,0.0,107.10480635636222
NX4-S3 Camera000346.jpg,,0.002842846,0.00043529399999999997,0.001897022,0.000497095,0.0023699339999999998,109.42780452438762,105.6087429955654,0.04,,,0.0023699339999999998,0.0,107.51827375997651
NX4-S3 Camera000347.jpg,0.000443355,0.002842846,0.00046485099999999996,0.001897022,,0.0023699339999999998,110.20892657382032,106.35826413817782,0.05,0.00045410299999999997,,0.0023699339999999998,0.0,108.28359535599907
NX4-S3 Camera000348.jpg,0.000480973,0.002842846,0.000497095,0.001897022,,0.0023699339999999998,110.28235141481191,105.52463206760592,0.06,0.000489034,0.003493099999999998,0.0023699339999999998,0.0,107.90349174120891
